/*!40101 SET @OLD_CHARACTER_SET_CLIENT=@@CHARACTER_SET_CLIENT */;
/*!40101 SET @OLD_CHARACTER_SET_RESULTS=@@CHARACTER_SET_RESULTS */;
/*!40101 SET @OLD_COLLATION_CONNECTION=@@COLLATION_CONNECTION */;
/*!40101 SET NAMES utf8mb4 */;
/*!40014 SET @OLD_UNIQUE_CHECKS=@@UNIQUE_CHECKS, UNIQUE_CHECKS=0 */;
/*!40014 SET @OLD_FOREIGN_KEY_CHECKS=@@FOREIGN_KEY_CHECKS, FOREIGN_KEY_CHECKS=0 */;
/*!40101 SET @OLD_SQL_MODE=@@SQL_MODE, SQL_MODE='NO_AUTO_VALUE_ON_ZERO' */;
/*!40111 SET @OLD_SQL_NOTES=@@SQL_NOTES, SQL_NOTES=0 */;

INSERT INTO `rb_admins` (`id`, `nickname`, `username`, `password`, `avatar`, `status`, `remember_token`, `login_ip`, `login_at`, `created_at`, `updated_at`) VALUES
(1, '开发', 'RB', '$2y$10$tSwWF2FNkpQCw4Uw8fjqHuswdXpj.6puRLbYZAFMl8Lzb5Lt5ZmH6', '', 1, NULL, '18.167.171.160', '2021-11-19 13:48:49', '2021-09-01 00:00:00', '2021-11-19 13:48:49');
INSERT INTO `rb_admins` (`id`, `nickname`, `username`, `password`, `avatar`, `status`, `remember_token`, `login_ip`, `login_at`, `created_at`, `updated_at`) VALUES
(2, '运营', 'admin', '$2y$10$HRrL/oH4WcknZaIvlQjxeOV9VsC8BylpuA/C9EjJDMgumlccUuXuC', '', 1, NULL, '', '2021-11-19 13:51:12', '2021-11-19 13:51:12', '2021-11-19 13:51:12');




INSERT INTO `rb_model_has_roles` (`role_id`, `model_type`, `model_id`) VALUES
(1, 'App\\Models\\Admin', 1);
INSERT INTO `rb_model_has_roles` (`role_id`, `model_type`, `model_id`) VALUES
(2, 'App\\Models\\Admin', 2);


INSERT INTO `rb_permissions` (`id`, `name`, `guard_name`, `created_at`, `updated_at`) VALUES
(1, 'backend.config.index', 'web', '2021-11-19 13:42:14', '2021-11-19 13:42:14');
INSERT INTO `rb_permissions` (`id`, `name`, `guard_name`, `created_at`, `updated_at`) VALUES
(2, 'backend.config.create', 'web', '2021-11-19 13:42:15', '2021-11-19 13:42:15');
INSERT INTO `rb_permissions` (`id`, `name`, `guard_name`, `created_at`, `updated_at`) VALUES
(3, 'backend.config.edit', 'web', '2021-11-19 13:42:17', '2021-11-19 13:42:17');
INSERT INTO `rb_permissions` (`id`, `name`, `guard_name`, `created_at`, `updated_at`) VALUES
(4, 'backend.config.destroy', 'web', '2021-11-19 13:42:18', '2021-11-19 13:42:18'),
(5, 'backend.user.index', 'web', '2021-11-19 13:42:19', '2021-11-19 13:42:19'),
(6, 'backend.user.edit', 'web', '2021-11-19 13:42:21', '2021-11-19 13:42:21'),
(7, 'backend.user.destroy', 'web', '2021-11-19 13:42:22', '2021-11-19 13:42:22'),
(8, 'backend.user.batch', 'web', '2021-11-19 13:42:23', '2021-11-19 13:42:23'),
(9, 'backend.user.editable', 'web', '2021-11-19 13:42:25', '2021-11-19 13:42:25'),
(10, 'backend.order.index', 'web', '2021-11-19 13:42:26', '2021-11-19 13:42:26'),
(11, 'backend.category.index', 'web', '2021-11-19 13:42:27', '2021-11-19 13:42:27'),
(12, 'backend.category.create', 'web', '2021-11-19 13:42:29', '2021-11-19 13:42:29'),
(13, 'backend.category.edit', 'web', '2021-11-19 13:42:30', '2021-11-19 13:42:30'),
(14, 'backend.category.destroy', 'web', '2021-11-19 13:42:31', '2021-11-19 13:42:31'),
(15, 'backend.tag.index', 'web', '2021-11-19 13:42:33', '2021-11-19 13:42:33'),
(16, 'backend.tag.batch', 'web', '2021-11-19 13:42:34', '2021-11-19 13:42:34'),
(17, 'backend.tag.editable', 'web', '2021-11-19 13:42:35', '2021-11-19 13:42:35'),
(18, 'backend.tag.destroy', 'web', '2021-11-19 13:42:37', '2021-11-19 13:42:37'),
(19, 'backend.book.index', 'web', '2021-11-19 13:42:38', '2021-11-19 13:42:38'),
(20, 'backend.book.create', 'web', '2021-11-19 13:42:39', '2021-11-19 13:42:39'),
(21, 'backend.book.edit', 'web', '2021-11-19 13:42:40', '2021-11-19 13:42:40'),
(22, 'backend.book.destroy', 'web', '2021-11-19 13:42:42', '2021-11-19 13:42:42'),
(23, 'backend.book.batch', 'web', '2021-11-19 13:42:43', '2021-11-19 13:42:43'),
(24, 'backend.book.editable', 'web', '2021-11-19 13:42:44', '2021-11-19 13:42:44'),
(25, 'backend.book.review', 'web', '2021-11-19 13:42:46', '2021-11-19 13:42:46'),
(26, 'backend.book_chapter.index', 'web', '2021-11-19 13:42:47', '2021-11-19 13:42:47'),
(27, 'backend.book_chapter.preview', 'web', '2021-11-19 13:42:48', '2021-11-19 13:42:48'),
(28, 'backend.book_chapter.create', 'web', '2021-11-19 13:42:50', '2021-11-19 13:42:50'),
(29, 'backend.book_chapter.edit', 'web', '2021-11-19 13:42:51', '2021-11-19 13:42:51'),
(30, 'backend.book_chapter.batch', 'web', '2021-11-19 13:42:52', '2021-11-19 13:42:52'),
(31, 'backend.book_chapter.editable', 'web', '2021-11-19 13:42:54', '2021-11-19 13:42:54'),
(32, 'backend.pricing.index', 'web', '2021-11-19 13:42:55', '2021-11-19 13:42:55'),
(33, 'backend.pricing.create', 'web', '2021-11-19 13:42:56', '2021-11-19 13:42:56'),
(34, 'backend.pricing.edit', 'web', '2021-11-19 13:42:58', '2021-11-19 13:42:58'),
(35, 'backend.pricing.destroy', 'web', '2021-11-19 13:42:59', '2021-11-19 13:42:59'),
(36, 'backend.payment.index', 'web', '2021-11-19 13:43:00', '2021-11-19 13:43:00'),
(37, 'backend.payment.create', 'web', '2021-11-19 13:43:02', '2021-11-19 13:43:02'),
(38, 'backend.payment.edit', 'web', '2021-11-19 13:43:03', '2021-11-19 13:43:03'),
(39, 'backend.payment.destroy', 'web', '2021-11-19 13:43:04', '2021-11-19 13:43:04'),
(40, 'backend.comment.index', 'web', '2021-11-19 13:43:06', '2021-11-19 13:43:06'),
(41, 'backend.comment.destroy', 'web', '2021-11-19 13:43:07', '2021-11-19 13:43:07'),
(42, 'backend.comment.batch_destroy', 'web', '2021-11-19 13:43:08', '2021-11-19 13:43:08'),
(43, 'backend.notice.index', 'web', '2021-11-19 13:43:10', '2021-11-19 13:43:10'),
(44, 'backend.notice.create', 'web', '2021-11-19 13:43:11', '2021-11-19 13:43:11'),
(45, 'backend.notice.edit', 'web', '2021-11-19 13:43:12', '2021-11-19 13:43:12'),
(46, 'backend.notice.destroy', 'web', '2021-11-19 13:43:14', '2021-11-19 13:43:14'),
(47, 'backend.navigation.index', 'web', '2021-11-19 13:43:15', '2021-11-19 13:43:15'),
(48, 'backend.navigation.create', 'web', '2021-11-19 13:43:16', '2021-11-19 13:43:16'),
(49, 'backend.navigation.edit', 'web', '2021-11-19 13:43:18', '2021-11-19 13:43:18'),
(50, 'backend.navigation.destroy', 'web', '2021-11-19 13:43:19', '2021-11-19 13:43:19'),
(51, 'backend.report_issue.index', 'web', '2021-11-19 13:43:20', '2021-11-19 13:43:20'),
(52, 'backend.report_issue.create', 'web', '2021-11-19 13:43:22', '2021-11-19 13:43:22'),
(53, 'backend.report_issue.edit', 'web', '2021-11-19 13:43:23', '2021-11-19 13:43:23'),
(54, 'backend.report_issue.destroy', 'web', '2021-11-19 13:43:24', '2021-11-19 13:43:24'),
(55, 'backend.report.index', 'web', '2021-11-19 13:43:26', '2021-11-19 13:43:26'),
(56, 'backend.video.index', 'web', '2021-11-19 13:43:27', '2021-11-19 13:43:27'),
(57, 'backend.video.create', 'web', '2021-11-19 13:43:28', '2021-11-19 13:43:28'),
(58, 'backend.video.edit', 'web', '2021-11-19 13:43:30', '2021-11-19 13:43:30'),
(59, 'backend.video.destroy', 'web', '2021-11-19 13:43:31', '2021-11-19 13:43:31'),
(60, 'backend.video.batch', 'web', '2021-11-19 13:43:32', '2021-11-19 13:43:32'),
(61, 'backend.video.editable', 'web', '2021-11-19 13:43:34', '2021-11-19 13:43:34'),
(62, 'backend.ad_space.index', 'web', '2021-11-19 13:43:35', '2021-11-19 13:43:35'),
(63, 'backend.ad_space.edit', 'web', '2021-11-19 13:43:36', '2021-11-19 13:43:36'),
(64, 'backend.ad.index', 'web', '2021-11-19 13:43:38', '2021-11-19 13:43:38'),
(65, 'backend.ad.create', 'web', '2021-11-19 13:43:39', '2021-11-19 13:43:39'),
(66, 'backend.ad.edit', 'web', '2021-11-19 13:43:40', '2021-11-19 13:43:40'),
(67, 'backend.ad.destroy', 'web', '2021-11-19 13:43:42', '2021-11-19 13:43:42'),
(68, 'backend.ad.batch', 'web', '2021-11-19 13:43:43', '2021-11-19 13:43:43'),
(69, 'backend.topic.index', 'web', '2021-11-19 13:43:44', '2021-11-19 13:43:44'),
(70, 'backend.topic.create', 'web', '2021-11-19 13:43:46', '2021-11-19 13:43:46'),
(71, 'backend.topic.edit', 'web', '2021-11-19 13:43:47', '2021-11-19 13:43:47'),
(72, 'backend.topic.destroy', 'web', '2021-11-19 13:43:48', '2021-11-19 13:43:48'),
(73, 'backend.topic.batch', 'web', '2021-11-19 13:43:50', '2021-11-19 13:43:50'),
(74, 'backend.filter.index', 'web', '2021-11-19 13:43:51', '2021-11-19 13:43:51'),
(75, 'backend.filter.create', 'web', '2021-11-19 13:43:52', '2021-11-19 13:43:52'),
(76, 'backend.filter.edit', 'web', '2021-11-19 13:43:54', '2021-11-19 13:43:54'),
(77, 'backend.filter.destroy', 'web', '2021-11-19 13:43:55', '2021-11-19 13:43:55'),
(78, 'backend.channel.index', 'web', '2021-11-19 13:43:56', '2021-11-19 13:43:56'),
(79, 'backend.channel.create', 'web', '2021-11-19 13:43:58', '2021-11-19 13:43:58'),
(80, 'backend.channel.edit', 'web', '2021-11-19 13:43:59', '2021-11-19 13:43:59'),
(81, 'backend.activity.index', 'web', '2021-11-19 13:44:00', '2021-11-19 13:44:00'),
(82, 'backend.admin.index', 'web', '2021-11-19 13:44:02', '2021-11-19 13:44:02'),
(83, 'backend.admin.create', 'web', '2021-11-19 13:44:03', '2021-11-19 13:44:03'),
(84, 'backend.admin.edit', 'web', '2021-11-19 13:44:04', '2021-11-19 13:44:04'),
(85, 'backend.admin.destroy', 'web', '2021-11-19 13:44:06', '2021-11-19 13:44:06'),
(86, 'backend.admin.batch', 'web', '2021-11-19 13:44:07', '2021-11-19 13:44:07'),
(87, 'backend.role.index', 'web', '2021-11-19 13:44:08', '2021-11-19 13:44:08'),
(88, 'backend.role.create', 'web', '2021-11-19 13:44:10', '2021-11-19 13:44:10'),
(89, 'backend.role.edit', 'web', '2021-11-19 13:44:11', '2021-11-19 13:44:11'),
(90, 'backend.role.destroy', 'web', '2021-11-19 13:44:12', '2021-11-19 13:44:12'),
(91, 'backend.finance.daily', 'web', '2021-11-19 13:44:14', '2021-11-19 13:44:14'),
(92, 'backend.finance.channel_daily', 'web', '2021-11-19 13:44:15', '2021-11-19 13:44:15'),
(93, 'backend.finance.total_revenue', 'web', '2021-11-19 13:44:16', '2021-11-19 13:44:16'),
(94, 'backend.finance.gateway_revenue', 'web', '2021-11-19 13:44:18', '2021-11-19 13:44:18'),
(95, 'backend.domain.index', 'web', '2021-11-19 13:44:19', '2021-11-19 13:44:19'),
(96, 'backend.domain.create', 'web', '2021-11-19 13:44:20', '2021-11-19 13:44:20'),
(97, 'backend.domain.edit', 'web', '2021-11-19 13:44:22', '2021-11-19 13:44:22');
INSERT INTO `rb_permissions` (`id`, `name`, `guard_name`, `created_at`, `updated_at`) VALUES
(98, 'backend.domain.destroy', 'web', '2021-11-19 13:44:23', '2021-11-19 13:44:23'),
(99, 'backend.order.callback', 'web', '2021-11-19 13:54:23', '2021-11-19 13:54:23'),
(100, 'backend.finance.channel_detail', 'web', '2021-11-19 13:54:23', '2021-11-19 13:54:23');

INSERT INTO `rb_role_has_permissions` (`permission_id`, `role_id`) VALUES
(1, 1);
INSERT INTO `rb_role_has_permissions` (`permission_id`, `role_id`) VALUES
(2, 1);
INSERT INTO `rb_role_has_permissions` (`permission_id`, `role_id`) VALUES
(3, 1);
INSERT INTO `rb_role_has_permissions` (`permission_id`, `role_id`) VALUES
(4, 1),
(5, 1),
(6, 1),
(7, 1),
(8, 1),
(9, 1),
(10, 1),
(11, 1),
(12, 1),
(13, 1),
(14, 1),
(15, 1),
(16, 1),
(17, 1),
(18, 1),
(19, 1),
(20, 1),
(21, 1),
(22, 1),
(23, 1),
(24, 1),
(25, 1),
(26, 1),
(27, 1),
(28, 1),
(29, 1),
(30, 1),
(31, 1),
(32, 1),
(33, 1),
(34, 1),
(35, 1),
(36, 1),
(37, 1),
(38, 1),
(39, 1),
(40, 1),
(41, 1),
(42, 1),
(43, 1),
(44, 1),
(45, 1),
(46, 1),
(47, 1),
(48, 1),
(49, 1),
(50, 1),
(51, 1),
(52, 1),
(53, 1),
(54, 1),
(55, 1),
(56, 1),
(57, 1),
(58, 1),
(59, 1),
(60, 1),
(61, 1),
(62, 1),
(63, 1),
(64, 1),
(65, 1),
(66, 1),
(67, 1),
(68, 1),
(69, 1),
(70, 1),
(71, 1),
(72, 1),
(73, 1),
(74, 1),
(75, 1),
(76, 1),
(77, 1),
(78, 1),
(79, 1),
(80, 1),
(81, 1),
(82, 1),
(83, 1),
(84, 1),
(85, 1),
(86, 1),
(87, 1),
(88, 1),
(89, 1),
(90, 1),
(91, 1),
(92, 1),
(93, 1),
(94, 1),
(95, 1),
(96, 1),
(97, 1),
(98, 1),
(5, 2),
(6, 2),
(7, 2),
(8, 2),
(9, 2),
(10, 2),
(11, 2),
(12, 2),
(13, 2),
(14, 2),
(15, 2),
(16, 2),
(17, 2),
(18, 2),
(19, 2),
(20, 2),
(21, 2),
(22, 2),
(23, 2),
(24, 2),
(25, 2),
(26, 2),
(27, 2),
(28, 2),
(29, 2),
(30, 2),
(31, 2),
(32, 2),
(33, 2),
(34, 2),
(35, 2),
(36, 2),
(37, 2),
(38, 2),
(39, 2),
(40, 2),
(41, 2),
(42, 2),
(43, 2),
(44, 2),
(45, 2),
(46, 2),
(47, 2),
(48, 2),
(49, 2),
(50, 2),
(51, 2),
(52, 2),
(53, 2),
(54, 2),
(55, 2),
(56, 2),
(57, 2),
(58, 2),
(59, 2),
(60, 2),
(61, 2),
(62, 2),
(63, 2),
(64, 2),
(65, 2),
(66, 2),
(67, 2),
(68, 2),
(69, 2),
(70, 2),
(71, 2),
(72, 2),
(73, 2),
(74, 2),
(75, 2),
(76, 2),
(77, 2);
INSERT INTO `rb_role_has_permissions` (`permission_id`, `role_id`) VALUES
(78, 2),
(79, 2),
(80, 2),
(91, 2),
(92, 2),
(93, 2),
(94, 2),
(95, 2),
(96, 2),
(97, 2),
(98, 2),
(99, 2),
(100, 2);

INSERT INTO `rb_roles` (`id`, `name`, `guard_name`, `created_at`, `updated_at`) VALUES
(1, '管理员', 'web', '2021-11-19 13:42:11', '2021-11-19 13:42:11');
INSERT INTO `rb_roles` (`id`, `name`, `guard_name`, `created_at`, `updated_at`) VALUES
(2, '运营', 'web', '2021-11-19 13:42:12', '2021-11-19 13:42:12');
INSERT INTO `rb_roles` (`id`, `name`, `guard_name`, `created_at`, `updated_at`) VALUES
(3, '客服', 'web', '2021-11-19 13:42:12', '2021-11-19 13:42:12');
INSERT INTO `rb_roles` (`id`, `name`, `guard_name`, `created_at`, `updated_at`) VALUES
(4, '财务', 'web', '2021-11-19 13:42:13', '2021-11-19 13:42:13');


/*!40101 SET SQL_MODE=@OLD_SQL_MODE */;
/*!40014 SET FOREIGN_KEY_CHECKS=@OLD_FOREIGN_KEY_CHECKS */;
/*!40014 SET UNIQUE_CHECKS=@OLD_UNIQUE_CHECKS */;
/*!40101 SET CHARACTER_SET_CLIENT=@OLD_CHARACTER_SET_CLIENT */;
/*!40101 SET CHARACTER_SET_RESULTS=@OLD_CHARACTER_SET_RESULTS */;
/*!40101 SET COLLATION_CONNECTION=@OLD_COLLATION_CONNECTION */;
/*!40111 SET SQL_NOTES=@OLD_SQL_NOTES */;